{
    "name": "account",
    "roles": [
        "account",
        "destination",
        "origin"
    ],
    "lookups": [
        "free-text",
        "keywords"
    ],
    "keywords": [
        {
            "keyword": "Bank",
            "synonyms": [
                "bank"
            ]
        },
        {
            "keyword": "Binance",
            "synonyms": [
                "binance"
            ]
        },
        {
            "keyword": "Cash account",
            "synonyms": [
                "cash account"
            ]
        },
        {
            "keyword": "Cash wallet",
            "synonyms": [
                "cash wallet"
            ]
        },
        {
            "keyword": "Digital wallet",
            "synonyms": [
                "digital wallet"
            ]
        },
        {
            "keyword": "Emergency fund",
            "synonyms": [
                "emergency fund"
            ]
        },
        {
            "keyword": "Facebook",
            "synonyms": [
                "facebook"
            ]
        },
        {
            "keyword": "Grab",
            "synonyms": [
                "grab"
            ]
        },
        {
            "keyword": "Grocery",
            "synonyms": [
                "grocery"
            ]
        },
        {
            "keyword": "Lalamove",
            "synonyms": [
                "lalamove"
            ]
        },
        {
            "keyword": "Lazada",
            "synonyms": [
                "lazada"
            ]
        },
        {
            "keyword": "Ledger",
            "synonyms": [
                "ledger"
            ]
        },
        {
            "keyword": "Main",
            "synonyms": [
                "main"
            ]
        },
        {
            "keyword": "Medium",
            "synonyms": [
                "medium"
            ]
        },
        {
            "keyword": "Meralco",
            "synonyms": [
                "meralco"
            ]
        },
        {
            "keyword": "OVH",
            "synonyms": [
                "ovh"
            ]
        },
        {
            "keyword": "Paypal",
            "synonyms": [
                "paypal"
            ]
        },
        {
            "keyword": "Prepaid - Amore",
            "synonyms": [
                "prepaid - amore"
            ]
        },
        {
            "keyword": "Prepaid - ePay",
            "synonyms": [
                "prepaid - epay"
            ]
        },
        {
            "keyword": "Prepaid ePay",
            "synonyms": [
                "prepaid epay"
            ]
        },
        {
            "keyword": "Savings",
            "synonyms": [
                "savings"
            ]
        },
        {
            "keyword": "Shopee",
            "synonyms": [
                "shopee"
            ]
        },
        {
            "keyword": "Spotify",
            "synonyms": [
                "spotify"
            ]
        },
        {
            "keyword": "Starshot",
            "synonyms": [
                "starshot"
            ]
        },
        {
            "keyword": "Stripe",
            "synonyms": [
                "stripe"
            ]
        },
        {
            "keyword": "Taguig Landlord",
            "synonyms": [
                "taguig landlord"
            ]
        },
        {
            "keyword": "Vista Mall",
            "synonyms": [
                "vista mall"
            ]
        }
    ]
}
