{
    "name": "action",
    "roles": [
        "action",
        "deposit",
        "transfer",
        "withdraw"
    ],
    "lookups": [
        "keywords"
    ],
    "keywords": [
        {
            "keyword": "Deposit",
            "synonyms": [
                "deposit"
            ]
        },
        {
            "keyword": "Transfer",
            "synonyms": [
                "transfer"
            ]
        },
        {
            "keyword": "Withdraw",
            "synonyms": [
                "withdraw"
            ]
        }
    ]
}
