{
    "utterances": [
        {
            "text": "123456789",
            "entities": [],
            "traits": []
        },
        {
            "text": "ATM Withdraw to Cash wallet. Transfer 1000$ from Main to Cash wallet.",
            "entities": [
                {
                    "entity": "action:transfer",
                    "start": 29,
                    "end": 37,
                    "body": "Transfer",
                    "entities": []
                },
                {
                    "entity": "wit$amount_of_money:amount_of_money",
                    "start": 38,
                    "end": 43,
                    "body": "1000$",
                    "entities": []
                },
                {
                    "entity": "account:origin",
                    "start": 49,
                    "end": 53,
                    "body": "Main",
                    "entities": []
                },
                {
                    "entity": "account:destination",
                    "start": 57,
                    "end": 68,
                    "body": "Cash wallet",
                    "entities": []
                },
                {
                    "entity": "deed:deed",
                    "start": 0,
                    "end": 27,
                    "body": "ATM Withdraw to Cash wallet",
                    "entities": []
                }
            ],
            "traits": [
                {
                    "trait": "wit$sentiment",
                    "value": "neutral"
                },
                {
                    "trait": "flow",
                    "value": "withdraw"
                }
            ],
            "intent": "track_money"
        },
        {
            "text": "ATM Withdrawal. Transfer 1000 usd from Main to Cash wallet.",
            "entities": [
                {
                    "entity": "deed:deed",
                    "start": 0,
                    "end": 14,
                    "body": "ATM Withdrawal",
                    "entities": []
                },
                {
                    "entity": "action:transfer",
                    "start": 16,
                    "end": 24,
                    "body": "Transfer",
                    "entities": []
                },
                {
                    "entity": "wit$amount_of_money:amount_of_money",
                    "start": 25,
                    "end": 33,
                    "body": "1000 usd",
                    "entities": []
                },
                {
                    "entity": "account:origin",
                    "start": 39,
                    "end": 43,
                    "body": "Main",
                    "entities": []
                },
                {
                    "entity": "account:destination",
                    "start": 47,
                    "end": 58,
                    "body": "Cash wallet",
                    "entities": []
                }
            ],
            "traits": [
                {
                    "trait": "wit$sentiment",
                    "value": "neutral"
                },
                {
                    "trait": "flow",
                    "value": "transfer"
                }
            ],
            "intent": "track_money"
        },
        {
            "text": "Add to emergency fund.",
            "entities": [],
            "traits": []
        },
        {
            "text": "Add to emergency fund. Transfer 3000$ from Main to Emergency fund.",
            "entities": [
                {
                    "entity": "deed:deed",
                    "start": 0,
                    "end": 21,
                    "body": "Add to emergency fund",
                    "entities": []
                },
                {
                    "entity": "action:transfer",
                    "start": 23,
                    "end": 31,
                    "body": "Transfer",
                    "entities": []
                },
                {
                    "entity": "wit$amount_of_money:amount_of_money",
                    "start": 32,
                    "end": 37,
                    "body": "3000$",
                    "entities": []
                },
                {
                    "entity": "account:origin",
                    "start": 43,
                    "end": 47,
                    "body": "Main",
                    "entities": []
                },
                {
                    "entity": "account:destination",
                    "start": 51,
                    "end": 65,
                    "body": "Emergency fund",
                    "entities": []
                }
            ],
            "traits": [
                {
                    "trait": "wit$sentiment",
                    "value": "neutral"
                },
                {
                    "trait": "flow",
                    "value": "transfer"
                }
            ],
            "intent": "track_money"
        },
        {
            "text": "Deposit 1000$ from Starshot to Main",
            "entities": [
                {
                    "entity": "action:deposit",
                    "start": 0,
                    "end": 7,
                    "body": "Deposit",
                    "entities": []
                },
                {
                    "entity": "wit$amount_of_money:amount_of_money",
                    "start": 8,
                    "end": 13,
                    "body": "1000$",
                    "entities": []
                },
                {
                    "entity": "account:origin",
                    "start": 19,
                    "end": 27,
                    "body": "Starshot",
                    "entities": []
                },
                {
                    "entity": "account:destination",
                    "start": 31,
                    "end": 35,
                    "body": "Main",
                    "entities": []
                }
            ],
            "traits": [
                {
                    "trait": "flow",
                    "value": "deposit"
                },
                {
                    "trait": "wit$sentiment",
                    "value": "neutral"
                }
            ],
            "intent": "track_money"
        },
        {
            "text": "Deposit 1000000 php from Bank to Main.",
            "entities": [
                {
                    "entity": "action:deposit",
                    "start": 0,
                    "end": 7,
                    "body": "Deposit",
                    "entities": []
                },
                {
                    "entity": "account:origin",
                    "start": 25,
                    "end": 29,
                    "body": "Bank",
                    "entities": []
                },
                {
                    "entity": "account:destination",
                    "start": 33,
                    "end": 37,
                    "body": "Main",
                    "entities": []
                },
                {
                    "entity": "wit$amount_of_money:amount_of_money",
                    "start": 8,
                    "end": 19,
                    "body": "1000000 php",
                    "entities": []
                }
            ],
            "traits": [
                {
                    "trait": "wit$sentiment",
                    "value": "neutral"
                },
                {
                    "trait": "flow",
                    "value": "deposit"
                }
            ],
            "intent": "track_money"
        },
        {
            "text": "Deposit 12000 pesos from Starshot to Main.",
            "entities": [
                {
                    "entity": "action:deposit",
                    "start": 0,
                    "end": 7,
                    "body": "Deposit",
                    "entities": []
                },
                {
                    "entity": "account:origin",
                    "start": 25,
                    "end": 33,
                    "body": "Starshot",
                    "entities": []
                },
                {
                    "entity": "account:destination",
                    "start": 37,
                    "end": 41,
                    "body": "Main",
                    "entities": []
                },
                {
                    "entity": "wit$amount_of_money:amount_of_money",
                    "start": 8,
                    "end": 19,
                    "body": "12000 pesos",
                    "entities": []
                }
            ],
            "traits": [
                {
                    "trait": "wit$sentiment",
                    "value": "neutral"
                },
                {
                    "trait": "flow",
                    "value": "deposit"
                }
            ],
            "intent": "track_money"
        },
        {
            "text": "Deposit 83000 pesos from Starshot to Main.",
            "entities": [
                {
                    "entity": "action:deposit",
                    "start": 0,
                    "end": 7,
                    "body": "Deposit",
                    "entities": []
                },
                {
                    "entity": "account:origin",
                    "start": 25,
                    "end": 33,
                    "body": "Starshot",
                    "entities": []
                },
                {
                    "entity": "account:destination",
                    "start": 37,
                    "end": 41,
                    "body": "Main",
                    "entities": []
                },
                {
                    "entity": "wit$amount_of_money:amount_of_money",
                    "start": 8,
                    "end": 19,
                    "body": "83000 pesos",
                    "entities": []
                }
            ],
            "traits": [
                {
                    "trait": "wit$sentiment",
                    "value": "neutral"
                },
                {
                    "trait": "flow",
                    "value": "deposit"
                }
            ],
            "intent": "track_money"
        },
        {
            "text": "Deposit 83000 php from Starshot to Main.",
            "entities": [
                {
                    "entity": "action:deposit",
                    "start": 0,
                    "end": 7,
                    "body": "Deposit",
                    "entities": []
                },
                {
                    "entity": "account:origin",
                    "start": 23,
                    "end": 31,
                    "body": "Starshot",
                    "entities": []
                },
                {
                    "entity": "account:destination",
                    "start": 35,
                    "end": 39,
                    "body": "Main",
                    "entities": []
                },
                {
                    "entity": "wit$amount_of_money:amount_of_money",
                    "start": 8,
                    "end": 17,
                    "body": "83000 php",
                    "entities": []
                }
            ],
            "traits": [
                {
                    "trait": "wit$sentiment",
                    "value": "neutral"
                },
                {
                    "trait": "flow",
                    "value": "deposit"
                }
            ],
            "intent": "track_money"
        },
        {
            "text": "Hello",
            "entities": [],
            "traits": []
        },
        {
            "text": "Hey, what's up?",
            "entities": [],
            "traits": []
        },
        {
            "text": "Hi",
            "entities": [],
            "traits": []
        },
        {
            "text": "How old are you?",
            "entities": [],
            "traits": []
        },
        {
            "text": "I understand your sentiments.",
            "entities": [],
            "traits": []
        },
        {
            "text": "I want to climb the mountain.",
            "entities": [],
            "traits": []
        },
        {
            "text": "I want to swim the ocean.",
            "entities": [],
            "traits": []
        },
        {
            "text": "Income from Medium for the month of August",
            "entities": [],
            "traits": []
        },
        {
            "text": "Income from Medium for the month of August. Deposit 1000$ from Medium to Main.",
            "entities": [
                {
                    "entity": "deed:deed",
                    "start": 0,
                    "end": 42,
                    "body": "Income from Medium for the month of August",
                    "entities": []
                },
                {
                    "entity": "action:deposit",
                    "start": 44,
                    "end": 51,
                    "body": "Deposit",
                    "entities": []
                },
                {
                    "entity": "wit$amount_of_money:amount_of_money",
                    "start": 52,
                    "end": 57,
                    "body": "1000$",
                    "entities": []
                },
                {
                    "entity": "account:origin",
                    "start": 63,
                    "end": 69,
                    "body": "Medium",
                    "entities": []
                },
                {
                    "entity": "account:destination",
                    "start": 73,
                    "end": 77,
                    "body": "Main",
                    "entities": []
                }
            ],
            "traits": [
                {
                    "trait": "wit$sentiment",
                    "value": "neutral"
                },
                {
                    "trait": "flow",
                    "value": "deposit"
                }
            ],
            "intent": "track_money"
        },
        {
            "text": "Income from Starshot for the month of August. Deposit 100000$ from Starshot to Main.",
            "entities": [
                {
                    "entity": "deed:deed",
                    "start": 0,
                    "end": 44,
                    "body": "Income from Starshot for the month of August",
                    "entities": []
                },
                {
                    "entity": "action:deposit",
                    "start": 46,
                    "end": 53,
                    "body": "Deposit",
                    "entities": []
                },
                {
                    "entity": "wit$amount_of_money:amount_of_money",
                    "start": 54,
                    "end": 61,
                    "body": "100000$",
                    "entities": []
                },
                {
                    "entity": "account:origin",
                    "start": 67,
                    "end": 75,
                    "body": "Starshot",
                    "entities": []
                },
                {
                    "entity": "account:destination",
                    "start": 79,
                    "end": 83,
                    "body": "Main",
                    "entities": []
                }
            ],
            "traits": [
                {
                    "trait": "wit$sentiment",
                    "value": "neutral"
                },
                {
                    "trait": "flow",
                    "value": "deposit"
                }
            ],
            "intent": "track_money"
        },
        {
            "text": "Just in time for the show.",
            "entities": [],
            "traits": []
        },
        {
            "text": "Load prepaid phone. Withdraw 90 usd from Digital wallet to Cash account.",
            "entities": [
                {
                    "entity": "deed:deed",
                    "start": 0,
                    "end": 18,
                    "body": "Load prepaid phone",
                    "entities": []
                },
                {
                    "entity": "action:withdraw",
                    "start": 20,
                    "end": 28,
                    "body": "Withdraw",
                    "entities": []
                },
                {
                    "entity": "wit$amount_of_money:amount_of_money",
                    "start": 29,
                    "end": 35,
                    "body": "90 usd",
                    "entities": []
                },
                {
                    "entity": "account:origin",
                    "start": 41,
                    "end": 55,
                    "body": "Digital wallet",
                    "entities": []
                },
                {
                    "entity": "account:destination",
                    "start": 59,
                    "end": 71,
                    "body": "Cash account",
                    "entities": []
                }
            ],
            "traits": [
                {
                    "trait": "wit$sentiment",
                    "value": "neutral"
                },
                {
                    "trait": "flow",
                    "value": "withdraw"
                }
            ],
            "intent": "track_money"
        },
        {
            "text": "Move to Lalamove. Transfer 1000 usd from Main to Lalamove.",
            "entities": [
                {
                    "entity": "deed:deed",
                    "start": 0,
                    "end": 16,
                    "body": "Move to Lalamove",
                    "entities": []
                },
                {
                    "entity": "action:transfer",
                    "start": 18,
                    "end": 26,
                    "body": "Transfer",
                    "entities": []
                },
                {
                    "entity": "wit$amount_of_money:amount_of_money",
                    "start": 27,
                    "end": 35,
                    "body": "1000 usd",
                    "entities": []
                },
                {
                    "entity": "account:origin",
                    "start": 41,
                    "end": 45,
                    "body": "Main",
                    "entities": []
                },
                {
                    "entity": "account:destination",
                    "start": 49,
                    "end": 57,
                    "body": "Lalamove",
                    "entities": []
                }
            ],
            "traits": [
                {
                    "trait": "wit$sentiment",
                    "value": "neutral"
                },
                {
                    "trait": "flow",
                    "value": "transfer"
                }
            ],
            "intent": "track_money"
        },
        {
            "text": "Pay OVH sandbox VPS for month of August. Withdraw 299 PHP from Prepaid - ePay to OVH.",
            "entities": [
                {
                    "entity": "deed:deed",
                    "start": 0,
                    "end": 39,
                    "body": "Pay OVH sandbox VPS for month of August",
                    "entities": []
                },
                {
                    "entity": "action:withdraw",
                    "start": 41,
                    "end": 49,
                    "body": "Withdraw",
                    "entities": []
                },
                {
                    "entity": "account:origin",
                    "start": 63,
                    "end": 77,
                    "body": "Prepaid - ePay",
                    "entities": []
                },
                {
                    "entity": "account:destination",
                    "start": 81,
                    "end": 84,
                    "body": "OVH",
                    "entities": []
                },
                {
                    "entity": "wit$amount_of_money:amount_of_money",
                    "start": 50,
                    "end": 57,
                    "body": "299 PHP",
                    "entities": []
                }
            ],
            "traits": [
                {
                    "trait": "wit$sentiment",
                    "value": "neutral"
                },
                {
                    "trait": "flow",
                    "value": "withdraw"
                }
            ],
            "intent": "track_money"
        },
        {
            "text": "Pay clearance fee. Withdraw 1000$ USD from Main to Cash wallet.",
            "entities": [
                {
                    "entity": "deed:deed",
                    "start": 0,
                    "end": 17,
                    "body": "Pay clearance fee",
                    "entities": []
                },
                {
                    "entity": "action:withdraw",
                    "start": 19,
                    "end": 27,
                    "body": "Withdraw",
                    "entities": []
                },
                {
                    "entity": "wit$amount_of_money:amount_of_money",
                    "start": 28,
                    "end": 33,
                    "body": "1000$",
                    "entities": []
                },
                {
                    "entity": "account:origin",
                    "start": 43,
                    "end": 47,
                    "body": "Main",
                    "entities": []
                },
                {
                    "entity": "account:destination",
                    "start": 51,
                    "end": 62,
                    "body": "Cash wallet",
                    "entities": []
                }
            ],
            "traits": [
                {
                    "trait": "wit$sentiment",
                    "value": "neutral"
                },
                {
                    "trait": "flow",
                    "value": "withdraw"
                }
            ],
            "intent": "track_money"
        },
        {
            "text": "Pay electric bill for the month of August. Withdraw 1k$ from Digital wallet to Cash account.",
            "entities": [
                {
                    "entity": "deed:deed",
                    "start": 0,
                    "end": 41,
                    "body": "Pay electric bill for the month of August",
                    "entities": []
                },
                {
                    "entity": "action:withdraw",
                    "start": 43,
                    "end": 51,
                    "body": "Withdraw",
                    "entities": []
                },
                {
                    "entity": "wit$amount_of_money:amount_of_money",
                    "start": 52,
                    "end": 55,
                    "body": "1k$",
                    "entities": []
                },
                {
                    "entity": "account:origin",
                    "start": 61,
                    "end": 75,
                    "body": "Digital wallet",
                    "entities": []
                },
                {
                    "entity": "account:destination",
                    "start": 79,
                    "end": 91,
                    "body": "Cash account",
                    "entities": []
                }
            ],
            "traits": [
                {
                    "trait": "wit$sentiment",
                    "value": "neutral"
                },
                {
                    "trait": "flow",
                    "value": "withdraw"
                }
            ],
            "intent": "track_money"
        },
        {
            "text": "Pay electric bill. Transfer 100$ from Main to Cash wallet.",
            "entities": [
                {
                    "entity": "deed:deed",
                    "start": 0,
                    "end": 17,
                    "body": "Pay electric bill",
                    "entities": []
                },
                {
                    "entity": "action:transfer",
                    "start": 19,
                    "end": 27,
                    "body": "Transfer",
                    "entities": []
                },
                {
                    "entity": "wit$amount_of_money:amount_of_money",
                    "start": 28,
                    "end": 32,
                    "body": "100$",
                    "entities": []
                },
                {
                    "entity": "account:origin",
                    "start": 38,
                    "end": 42,
                    "body": "Main",
                    "entities": []
                },
                {
                    "entity": "account:destination",
                    "start": 46,
                    "end": 57,
                    "body": "Cash wallet",
                    "entities": []
                }
            ],
            "traits": [
                {
                    "trait": "wit$sentiment",
                    "value": "neutral"
                },
                {
                    "trait": "flow",
                    "value": "transfer"
                }
            ],
            "intent": "track_money"
        },
        {
            "text": "Pay facebook subscription fee for the month of August. Withdraw 99 pesos and zero cents from Prepaid - Amore to Facebook.",
            "entities": [
                {
                    "entity": "deed:deed",
                    "start": 0,
                    "end": 53,
                    "body": "Pay facebook subscription fee for the month of August",
                    "entities": []
                },
                {
                    "entity": "action:withdraw",
                    "start": 55,
                    "end": 63,
                    "body": "Withdraw",
                    "entities": []
                },
                {
                    "entity": "wit$amount_of_money:amount_of_money",
                    "start": 64,
                    "end": 87,
                    "body": "99 pesos and zero cents",
                    "entities": []
                },
                {
                    "entity": "account:origin",
                    "start": 93,
                    "end": 108,
                    "body": "Prepaid - Amore",
                    "entities": []
                },
                {
                    "entity": "account:destination",
                    "start": 112,
                    "end": 120,
                    "body": "Facebook",
                    "entities": []
                }
            ],
            "traits": [
                {
                    "trait": "wit$sentiment",
                    "value": "neutral"
                },
                {
                    "trait": "flow",
                    "value": "withdraw"
                }
            ],
            "intent": "track_money"
        },
        {
            "text": "Pay for groceries. Withdraw 1000$ from Cash wallet to Grocery.",
            "entities": [
                {
                    "entity": "action:withdraw",
                    "start": 19,
                    "end": 27,
                    "body": "Withdraw",
                    "entities": []
                },
                {
                    "entity": "wit$amount_of_money:amount_of_money",
                    "start": 28,
                    "end": 33,
                    "body": "1000$",
                    "entities": []
                },
                {
                    "entity": "account:origin",
                    "start": 39,
                    "end": 50,
                    "body": "Cash wallet",
                    "entities": []
                },
                {
                    "entity": "account:destination",
                    "start": 54,
                    "end": 61,
                    "body": "Grocery",
                    "entities": []
                },
                {
                    "entity": "deed:deed",
                    "start": 0,
                    "end": 17,
                    "body": "Pay for groceries",
                    "entities": []
                }
            ],
            "traits": [
                {
                    "trait": "wit$sentiment",
                    "value": "neutral"
                },
                {
                    "trait": "flow",
                    "value": "withdraw"
                }
            ],
            "intent": "track_money"
        },
        {
            "text": "Pay house rent for the month of September. Withdraw 1000$ from Main to Taguig Landlord.",
            "entities": [
                {
                    "entity": "deed:deed",
                    "start": 0,
                    "end": 41,
                    "body": "Pay house rent for the month of September",
                    "entities": []
                },
                {
                    "entity": "action:withdraw",
                    "start": 43,
                    "end": 51,
                    "body": "Withdraw",
                    "entities": []
                },
                {
                    "entity": "wit$amount_of_money:amount_of_money",
                    "start": 52,
                    "end": 57,
                    "body": "1000$",
                    "entities": []
                },
                {
                    "entity": "account:origin",
                    "start": 63,
                    "end": 67,
                    "body": "Main",
                    "entities": []
                },
                {
                    "entity": "account:destination",
                    "start": 71,
                    "end": 86,
                    "body": "Taguig Landlord",
                    "entities": []
                }
            ],
            "traits": [
                {
                    "trait": "wit$sentiment",
                    "value": "neutral"
                },
                {
                    "trait": "flow",
                    "value": "withdraw"
                }
            ],
            "intent": "track_money"
        },
        {
            "text": "Pay house rent. Withdraw 1000$ from Main to Taguig Landlord.",
            "entities": [
                {
                    "entity": "deed:deed",
                    "start": 0,
                    "end": 14,
                    "body": "Pay house rent",
                    "entities": []
                },
                {
                    "entity": "action:withdraw",
                    "start": 16,
                    "end": 24,
                    "body": "Withdraw",
                    "entities": []
                },
                {
                    "entity": "wit$amount_of_money:amount_of_money",
                    "start": 25,
                    "end": 30,
                    "body": "1000$",
                    "entities": []
                },
                {
                    "entity": "account:origin",
                    "start": 36,
                    "end": 40,
                    "body": "Main",
                    "entities": []
                },
                {
                    "entity": "account:destination",
                    "start": 44,
                    "end": 59,
                    "body": "Taguig Landlord",
                    "entities": []
                }
            ],
            "traits": [
                {
                    "trait": "wit$sentiment",
                    "value": "neutral"
                },
                {
                    "trait": "flow",
                    "value": "withdraw"
                }
            ],
            "intent": "track_money"
        },
        {
            "text": "Pay online deliveries. Withdraw 1000$ from Cash wallet to Lazada.",
            "entities": [
                {
                    "entity": "deed:deed",
                    "start": 0,
                    "end": 21,
                    "body": "Pay online deliveries",
                    "entities": []
                },
                {
                    "entity": "action:withdraw",
                    "start": 23,
                    "end": 31,
                    "body": "Withdraw",
                    "entities": []
                },
                {
                    "entity": "wit$amount_of_money:amount_of_money",
                    "start": 32,
                    "end": 37,
                    "body": "1000$",
                    "entities": []
                },
                {
                    "entity": "account:origin",
                    "start": 43,
                    "end": 54,
                    "body": "Cash wallet",
                    "entities": []
                },
                {
                    "entity": "account:destination",
                    "start": 58,
                    "end": 64,
                    "body": "Lazada",
                    "entities": []
                }
            ],
            "traits": [
                {
                    "trait": "wit$sentiment",
                    "value": "neutral"
                },
                {
                    "trait": "flow",
                    "value": "withdraw"
                }
            ],
            "intent": "track_money"
        },
        {
            "text": "Pay parking fee in Vista Mall. Withdraw 50$ from Cash wallet to Cash account.",
            "entities": [
                {
                    "entity": "deed:deed",
                    "start": 0,
                    "end": 29,
                    "body": "Pay parking fee in Vista Mall",
                    "entities": []
                },
                {
                    "entity": "action:withdraw",
                    "start": 31,
                    "end": 39,
                    "body": "Withdraw",
                    "entities": []
                },
                {
                    "entity": "wit$amount_of_money:amount_of_money",
                    "start": 40,
                    "end": 43,
                    "body": "50$",
                    "entities": []
                },
                {
                    "entity": "account:origin",
                    "start": 49,
                    "end": 60,
                    "body": "Cash wallet",
                    "entities": []
                },
                {
                    "entity": "account:destination",
                    "start": 64,
                    "end": 76,
                    "body": "Cash account",
                    "entities": []
                }
            ],
            "traits": [
                {
                    "trait": "wit$sentiment",
                    "value": "neutral"
                },
                {
                    "trait": "flow",
                    "value": "withdraw"
                }
            ],
            "intent": "track_money"
        },
        {
            "text": "Pay parking.",
            "entities": [],
            "traits": []
        },
        {
            "text": "Pay spotify subscription.",
            "entities": [],
            "traits": []
        },
        {
            "text": "Pay spotify subscription. Withdraw 194 pesos from Prepaid - Amore to Spotify.",
            "entities": [
                {
                    "entity": "deed:deed",
                    "start": 0,
                    "end": 24,
                    "body": "Pay spotify subscription",
                    "entities": []
                },
                {
                    "entity": "action:withdraw",
                    "start": 26,
                    "end": 34,
                    "body": "Withdraw",
                    "entities": []
                },
                {
                    "entity": "account:origin",
                    "start": 50,
                    "end": 65,
                    "body": "Prepaid - Amore",
                    "entities": []
                },
                {
                    "entity": "account:destination",
                    "start": 69,
                    "end": 76,
                    "body": "Spotify",
                    "entities": []
                },
                {
                    "entity": "wit$amount_of_money:amount_of_money",
                    "start": 35,
                    "end": 44,
                    "body": "194 pesos",
                    "entities": []
                }
            ],
            "traits": [
                {
                    "trait": "wit$sentiment",
                    "value": "neutral"
                },
                {
                    "trait": "flow",
                    "value": "withdraw"
                }
            ],
            "intent": "track_money"
        },
        {
            "text": "Pay spotify subscription. Withdraw 194 usd from Prepaid - Amore to Spotify.",
            "entities": [
                {
                    "entity": "deed:deed",
                    "start": 0,
                    "end": 24,
                    "body": "Pay spotify subscription",
                    "entities": []
                },
                {
                    "entity": "action:withdraw",
                    "start": 26,
                    "end": 34,
                    "body": "Withdraw",
                    "entities": []
                },
                {
                    "entity": "wit$amount_of_money:amount_of_money",
                    "start": 35,
                    "end": 42,
                    "body": "194 usd",
                    "entities": []
                },
                {
                    "entity": "account:origin",
                    "start": 48,
                    "end": 63,
                    "body": "Prepaid - Amore",
                    "entities": []
                },
                {
                    "entity": "account:destination",
                    "start": 67,
                    "end": 74,
                    "body": "Spotify",
                    "entities": []
                }
            ],
            "traits": [
                {
                    "trait": "wit$sentiment",
                    "value": "neutral"
                },
                {
                    "trait": "flow",
                    "value": "withdraw"
                }
            ],
            "intent": "track_money"
        },
        {
            "text": "Pay vista mall parking.",
            "entities": [],
            "traits": []
        },
        {
            "text": "Sample 123",
            "entities": [],
            "traits": []
        },
        {
            "text": "Sample parking",
            "entities": [],
            "traits": []
        },
        {
            "text": "Shut up!",
            "entities": [],
            "traits": []
        },
        {
            "text": "Stocks investment for the month of September. Withdraw 1000$ from Main to Cash account.",
            "entities": [
                {
                    "entity": "deed:deed",
                    "start": 0,
                    "end": 44,
                    "body": "Stocks investment for the month of September",
                    "entities": []
                },
                {
                    "entity": "action:withdraw",
                    "start": 46,
                    "end": 54,
                    "body": "Withdraw",
                    "entities": []
                },
                {
                    "entity": "wit$amount_of_money:amount_of_money",
                    "start": 55,
                    "end": 60,
                    "body": "1000$",
                    "entities": []
                },
                {
                    "entity": "account:origin",
                    "start": 66,
                    "end": 70,
                    "body": "Main",
                    "entities": []
                },
                {
                    "entity": "account:destination",
                    "start": 74,
                    "end": 86,
                    "body": "Cash account",
                    "entities": []
                }
            ],
            "traits": [
                {
                    "trait": "wit$sentiment",
                    "value": "neutral"
                },
                {
                    "trait": "flow",
                    "value": "withdraw"
                }
            ],
            "intent": "track_money"
        },
        {
            "text": "Stripe deposits for the month of August. Deposit 1000$ from Stripe to Main.",
            "entities": [
                {
                    "entity": "deed:deed",
                    "start": 0,
                    "end": 39,
                    "body": "Stripe deposits for the month of August",
                    "entities": []
                },
                {
                    "entity": "action:deposit",
                    "start": 41,
                    "end": 48,
                    "body": "Deposit",
                    "entities": []
                },
                {
                    "entity": "wit$amount_of_money:amount_of_money",
                    "start": 49,
                    "end": 54,
                    "body": "1000$",
                    "entities": []
                },
                {
                    "entity": "account:origin",
                    "start": 60,
                    "end": 66,
                    "body": "Stripe",
                    "entities": []
                },
                {
                    "entity": "account:destination",
                    "start": 70,
                    "end": 74,
                    "body": "Main",
                    "entities": []
                }
            ],
            "traits": [
                {
                    "trait": "wit$sentiment",
                    "value": "neutral"
                },
                {
                    "trait": "flow",
                    "value": "deposit"
                }
            ],
            "intent": "track_money"
        },
        {
            "text": "Transfer 100 btc from Ledger to Binance.",
            "entities": [
                {
                    "entity": "action:transfer",
                    "start": 0,
                    "end": 8,
                    "body": "Transfer",
                    "entities": []
                },
                {
                    "entity": "wit$amount_of_money:amount_of_money",
                    "start": 9,
                    "end": 16,
                    "body": "100 btc",
                    "entities": []
                },
                {
                    "entity": "account:origin",
                    "start": 22,
                    "end": 28,
                    "body": "Ledger",
                    "entities": []
                },
                {
                    "entity": "account:destination",
                    "start": 32,
                    "end": 39,
                    "body": "Binance",
                    "entities": []
                }
            ],
            "traits": [
                {
                    "trait": "wit$sentiment",
                    "value": "neutral"
                },
                {
                    "trait": "flow",
                    "value": "transfer"
                }
            ],
            "intent": "track_money"
        },
        {
            "text": "Transfer 100 eth from Binance to Ledger.",
            "entities": [
                {
                    "entity": "action:transfer",
                    "start": 0,
                    "end": 8,
                    "body": "Transfer",
                    "entities": []
                },
                {
                    "entity": "account:origin",
                    "start": 22,
                    "end": 29,
                    "body": "Binance",
                    "entities": []
                },
                {
                    "entity": "account:destination",
                    "start": 33,
                    "end": 39,
                    "body": "Ledger",
                    "entities": []
                },
                {
                    "entity": "wit$amount_of_money:amount_of_money",
                    "start": 9,
                    "end": 16,
                    "body": "100 eth",
                    "entities": []
                }
            ],
            "traits": [
                {
                    "trait": "wit$sentiment",
                    "value": "neutral"
                },
                {
                    "trait": "flow",
                    "value": "transfer"
                }
            ],
            "intent": "track_money"
        },
        {
            "text": "Transfer 100$ from Digital wallet to Emergency fund.",
            "entities": [
                {
                    "entity": "action:transfer",
                    "start": 0,
                    "end": 8,
                    "body": "Transfer",
                    "entities": []
                },
                {
                    "entity": "wit$amount_of_money:amount_of_money",
                    "start": 9,
                    "end": 13,
                    "body": "100$",
                    "entities": []
                },
                {
                    "entity": "account:origin",
                    "start": 19,
                    "end": 33,
                    "body": "Digital wallet",
                    "entities": []
                },
                {
                    "entity": "account:destination",
                    "start": 37,
                    "end": 51,
                    "body": "Emergency fund",
                    "entities": []
                }
            ],
            "traits": [
                {
                    "trait": "flow",
                    "value": "transfer"
                },
                {
                    "trait": "wit$sentiment",
                    "value": "neutral"
                }
            ],
            "intent": "track_money"
        },
        {
            "text": "Transfer 1000 eur from Main to Digital wallet.",
            "entities": [
                {
                    "entity": "action:transfer",
                    "start": 0,
                    "end": 8,
                    "body": "Transfer",
                    "entities": []
                },
                {
                    "entity": "wit$amount_of_money:amount_of_money",
                    "start": 9,
                    "end": 17,
                    "body": "1000 eur",
                    "entities": []
                },
                {
                    "entity": "account:origin",
                    "start": 23,
                    "end": 27,
                    "body": "Main",
                    "entities": []
                },
                {
                    "entity": "account:destination",
                    "start": 31,
                    "end": 45,
                    "body": "Digital wallet",
                    "entities": []
                }
            ],
            "traits": [
                {
                    "trait": "wit$sentiment",
                    "value": "neutral"
                },
                {
                    "trait": "flow",
                    "value": "transfer"
                }
            ],
            "intent": "track_money"
        },
        {
            "text": "Transfer 1000 pesos from Main to Digital wallet.",
            "entities": [
                {
                    "entity": "action:transfer",
                    "start": 0,
                    "end": 8,
                    "body": "Transfer",
                    "entities": []
                },
                {
                    "entity": "account:origin",
                    "start": 25,
                    "end": 29,
                    "body": "Main",
                    "entities": []
                },
                {
                    "entity": "account:destination",
                    "start": 33,
                    "end": 47,
                    "body": "Digital wallet",
                    "entities": []
                },
                {
                    "entity": "wit$amount_of_money:amount_of_money",
                    "start": 9,
                    "end": 19,
                    "body": "1000 pesos",
                    "entities": []
                }
            ],
            "traits": [
                {
                    "trait": "wit$sentiment",
                    "value": "neutral"
                },
                {
                    "trait": "flow",
                    "value": "transfer"
                }
            ],
            "intent": "track_money"
        },
        {
            "text": "Transfer 1000$ from Main to Digital wallet",
            "entities": [
                {
                    "entity": "action:transfer",
                    "start": 0,
                    "end": 8,
                    "body": "Transfer",
                    "entities": []
                },
                {
                    "entity": "wit$amount_of_money:amount_of_money",
                    "start": 9,
                    "end": 14,
                    "body": "1000$",
                    "entities": []
                },
                {
                    "entity": "account:origin",
                    "start": 20,
                    "end": 24,
                    "body": "Main",
                    "entities": []
                },
                {
                    "entity": "account:destination",
                    "start": 28,
                    "end": 42,
                    "body": "Digital wallet",
                    "entities": []
                }
            ],
            "traits": [
                {
                    "trait": "flow",
                    "value": "transfer"
                },
                {
                    "trait": "wit$sentiment",
                    "value": "neutral"
                }
            ],
            "intent": "track_money"
        },
        {
            "text": "Transfer 1000$ from Main to Digital wallet.",
            "entities": [
                {
                    "entity": "action:transfer",
                    "start": 0,
                    "end": 8,
                    "body": "Transfer",
                    "entities": []
                },
                {
                    "entity": "wit$amount_of_money:amount_of_money",
                    "start": 9,
                    "end": 14,
                    "body": "1000$",
                    "entities": []
                },
                {
                    "entity": "account:origin",
                    "start": 20,
                    "end": 24,
                    "body": "Main",
                    "entities": []
                },
                {
                    "entity": "account:destination",
                    "start": 28,
                    "end": 42,
                    "body": "Digital wallet",
                    "entities": []
                }
            ],
            "traits": [
                {
                    "trait": "flow",
                    "value": "transfer"
                },
                {
                    "trait": "wit$sentiment",
                    "value": "neutral"
                }
            ],
            "intent": "track_money"
        },
        {
            "text": "Transfer 1000\u20b1 from Main to Digital wallet.",
            "entities": [
                {
                    "entity": "action:transfer",
                    "start": 0,
                    "end": 8,
                    "body": "Transfer",
                    "entities": []
                },
                {
                    "entity": "wit$amount_of_money:amount_of_money",
                    "start": 9,
                    "end": 14,
                    "body": "1000\u20b1",
                    "entities": []
                },
                {
                    "entity": "account:origin",
                    "start": 20,
                    "end": 24,
                    "body": "Main",
                    "entities": []
                },
                {
                    "entity": "account:destination",
                    "start": 28,
                    "end": 42,
                    "body": "Digital wallet",
                    "entities": []
                }
            ],
            "traits": [
                {
                    "trait": "wit$sentiment",
                    "value": "neutral"
                },
                {
                    "trait": "flow",
                    "value": "transfer"
                }
            ],
            "intent": "track_money"
        },
        {
            "text": "Transfer 120000 usd from Main to Savings.",
            "entities": [
                {
                    "entity": "action:transfer",
                    "start": 0,
                    "end": 8,
                    "body": "Transfer",
                    "entities": []
                },
                {
                    "entity": "wit$amount_of_money:amount_of_money",
                    "start": 9,
                    "end": 19,
                    "body": "120000 usd",
                    "entities": []
                },
                {
                    "entity": "account:origin",
                    "start": 25,
                    "end": 29,
                    "body": "Main",
                    "entities": []
                },
                {
                    "entity": "account:destination",
                    "start": 33,
                    "end": 40,
                    "body": "Savings",
                    "entities": []
                }
            ],
            "traits": [
                {
                    "trait": "wit$sentiment",
                    "value": "neutral"
                },
                {
                    "trait": "flow",
                    "value": "transfer"
                }
            ],
            "intent": "track_money"
        },
        {
            "text": "Transfer 2000.05 php from Main to Shopee.",
            "entities": [
                {
                    "entity": "action:transfer",
                    "start": 0,
                    "end": 8,
                    "body": "Transfer",
                    "entities": []
                },
                {
                    "entity": "account:origin",
                    "start": 26,
                    "end": 30,
                    "body": "Main",
                    "entities": []
                },
                {
                    "entity": "account:destination",
                    "start": 34,
                    "end": 40,
                    "body": "Shopee",
                    "entities": []
                },
                {
                    "entity": "wit$amount_of_money:amount_of_money",
                    "start": 9,
                    "end": 20,
                    "body": "2000.05 php",
                    "entities": []
                }
            ],
            "traits": [
                {
                    "trait": "wit$sentiment",
                    "value": "neutral"
                },
                {
                    "trait": "flow",
                    "value": "transfer"
                }
            ],
            "intent": "track_money"
        },
        {
            "text": "Transfer for OVH. Deposit 1000 usd from Main to Paypal.",
            "entities": [
                {
                    "entity": "action:deposit",
                    "start": 18,
                    "end": 25,
                    "body": "Deposit",
                    "entities": []
                },
                {
                    "entity": "wit$amount_of_money:amount_of_money",
                    "start": 26,
                    "end": 34,
                    "body": "1000 usd",
                    "entities": []
                },
                {
                    "entity": "account:origin",
                    "start": 40,
                    "end": 44,
                    "body": "Main",
                    "entities": []
                },
                {
                    "entity": "account:destination",
                    "start": 48,
                    "end": 54,
                    "body": "Paypal",
                    "entities": []
                },
                {
                    "entity": "deed:deed",
                    "start": 0,
                    "end": 16,
                    "body": "Transfer for OVH",
                    "entities": []
                }
            ],
            "traits": [
                {
                    "trait": "wit$sentiment",
                    "value": "neutral"
                },
                {
                    "trait": "flow",
                    "value": "deposit"
                }
            ],
            "intent": "track_money"
        },
        {
            "text": "Transfer from paypal.",
            "entities": [],
            "traits": []
        },
        {
            "text": "Transfer money to ShopeePay. Withdraw 1000$ from Digital wallet to Shopee.",
            "entities": [
                {
                    "entity": "deed:deed",
                    "start": 0,
                    "end": 27,
                    "body": "Transfer money to ShopeePay",
                    "entities": []
                },
                {
                    "entity": "action:withdraw",
                    "start": 29,
                    "end": 37,
                    "body": "Withdraw",
                    "entities": []
                },
                {
                    "entity": "wit$amount_of_money:amount_of_money",
                    "start": 38,
                    "end": 43,
                    "body": "1000$",
                    "entities": []
                },
                {
                    "entity": "account:origin",
                    "start": 49,
                    "end": 63,
                    "body": "Digital wallet",
                    "entities": []
                },
                {
                    "entity": "account:destination",
                    "start": 67,
                    "end": 73,
                    "body": "Shopee",
                    "entities": []
                }
            ],
            "traits": [
                {
                    "trait": "wit$sentiment",
                    "value": "neutral"
                },
                {
                    "trait": "flow",
                    "value": "withdraw"
                }
            ],
            "intent": "track_money"
        },
        {
            "text": "Transfer to Digital wallet. Transfer 1000$ from Main to Digital wallet.",
            "entities": [
                {
                    "entity": "action:transfer",
                    "start": 28,
                    "end": 36,
                    "body": "Transfer",
                    "entities": []
                },
                {
                    "entity": "wit$amount_of_money:amount_of_money",
                    "start": 37,
                    "end": 42,
                    "body": "1000$",
                    "entities": []
                },
                {
                    "entity": "account:origin",
                    "start": 48,
                    "end": 52,
                    "body": "Main",
                    "entities": []
                },
                {
                    "entity": "account:destination",
                    "start": 56,
                    "end": 70,
                    "body": "Digital wallet",
                    "entities": []
                },
                {
                    "entity": "deed:deed",
                    "start": 0,
                    "end": 26,
                    "body": "Transfer to Digital wallet",
                    "entities": []
                }
            ],
            "traits": [
                {
                    "trait": "wit$sentiment",
                    "value": "neutral"
                },
                {
                    "trait": "flow",
                    "value": "transfer"
                }
            ],
            "intent": "track_money"
        },
        {
            "text": "Transfer to Grab.",
            "entities": [],
            "traits": []
        },
        {
            "text": "Transfer to Grab. Transfer 1000 usd from Main to Grab.",
            "entities": [
                {
                    "entity": "action:transfer",
                    "start": 18,
                    "end": 26,
                    "body": "Transfer",
                    "entities": []
                },
                {
                    "entity": "wit$amount_of_money:amount_of_money",
                    "start": 27,
                    "end": 35,
                    "body": "1000 usd",
                    "entities": []
                },
                {
                    "entity": "account:origin",
                    "start": 41,
                    "end": 45,
                    "body": "Main",
                    "entities": []
                },
                {
                    "entity": "account:destination",
                    "start": 49,
                    "end": 53,
                    "body": "Grab",
                    "entities": []
                },
                {
                    "entity": "deed:deed",
                    "start": 0,
                    "end": 16,
                    "body": "Transfer to Grab",
                    "entities": []
                }
            ],
            "traits": [
                {
                    "trait": "wit$sentiment",
                    "value": "neutral"
                },
                {
                    "trait": "flow",
                    "value": "transfer"
                }
            ],
            "intent": "track_money"
        },
        {
            "text": "Transfer to Grab. Transfer 1000$ from Main to Grab.",
            "entities": [
                {
                    "entity": "action:transfer",
                    "start": 18,
                    "end": 26,
                    "body": "Transfer",
                    "entities": []
                },
                {
                    "entity": "wit$amount_of_money:amount_of_money",
                    "start": 27,
                    "end": 32,
                    "body": "1000$",
                    "entities": []
                },
                {
                    "entity": "account:origin",
                    "start": 38,
                    "end": 42,
                    "body": "Main",
                    "entities": []
                },
                {
                    "entity": "account:destination",
                    "start": 46,
                    "end": 50,
                    "body": "Grab",
                    "entities": []
                },
                {
                    "entity": "deed:deed",
                    "start": 0,
                    "end": 16,
                    "body": "Transfer to Grab",
                    "entities": []
                }
            ],
            "traits": [
                {
                    "trait": "wit$sentiment",
                    "value": "neutral"
                },
                {
                    "trait": "flow",
                    "value": "transfer"
                }
            ],
            "intent": "track_money"
        },
        {
            "text": "Transfer to Joane for food. Transfer 1000$ from Main to Cash account.",
            "entities": [
                {
                    "entity": "deed:deed",
                    "start": 0,
                    "end": 26,
                    "body": "Transfer to Joane for food",
                    "entities": []
                },
                {
                    "entity": "action:transfer",
                    "start": 28,
                    "end": 36,
                    "body": "Transfer",
                    "entities": []
                },
                {
                    "entity": "wit$amount_of_money:amount_of_money",
                    "start": 37,
                    "end": 42,
                    "body": "1000$",
                    "entities": []
                },
                {
                    "entity": "account:origin",
                    "start": 48,
                    "end": 52,
                    "body": "Main",
                    "entities": []
                },
                {
                    "entity": "account:destination",
                    "start": 56,
                    "end": 68,
                    "body": "Cash account",
                    "entities": []
                }
            ],
            "traits": [
                {
                    "trait": "wit$sentiment",
                    "value": "neutral"
                },
                {
                    "trait": "flow",
                    "value": "transfer"
                }
            ],
            "intent": "track_money"
        },
        {
            "text": "Transfer to Paypal. Deposit 1000 usd from Main to Paypal.",
            "entities": [
                {
                    "entity": "deed:deed",
                    "start": 0,
                    "end": 18,
                    "body": "Transfer to Paypal",
                    "entities": []
                },
                {
                    "entity": "action:deposit",
                    "start": 20,
                    "end": 27,
                    "body": "Deposit",
                    "entities": []
                },
                {
                    "entity": "wit$amount_of_money:amount_of_money",
                    "start": 28,
                    "end": 36,
                    "body": "1000 usd",
                    "entities": []
                },
                {
                    "entity": "account:origin",
                    "start": 42,
                    "end": 46,
                    "body": "Main",
                    "entities": []
                },
                {
                    "entity": "account:destination",
                    "start": 50,
                    "end": 56,
                    "body": "Paypal",
                    "entities": []
                }
            ],
            "traits": [
                {
                    "trait": "wit$sentiment",
                    "value": "neutral"
                },
                {
                    "trait": "flow",
                    "value": "deposit"
                }
            ],
            "intent": "track_money"
        },
        {
            "text": "Transfer to Paypal. Transfer 1000 php from Main to Paypal.",
            "entities": [
                {
                    "entity": "deed:deed",
                    "start": 0,
                    "end": 18,
                    "body": "Transfer to Paypal",
                    "entities": []
                },
                {
                    "entity": "action:transfer",
                    "start": 20,
                    "end": 28,
                    "body": "Transfer",
                    "entities": []
                },
                {
                    "entity": "wit$amount_of_money:amount_of_money",
                    "start": 29,
                    "end": 37,
                    "body": "1000 php",
                    "entities": []
                },
                {
                    "entity": "account:origin",
                    "start": 43,
                    "end": 47,
                    "body": "Main",
                    "entities": []
                },
                {
                    "entity": "account:destination",
                    "start": 51,
                    "end": 57,
                    "body": "Paypal",
                    "entities": []
                }
            ],
            "traits": [
                {
                    "trait": "wit$sentiment",
                    "value": "neutral"
                },
                {
                    "trait": "flow",
                    "value": "transfer"
                }
            ],
            "intent": "track_money"
        },
        {
            "text": "Transfer to Paypal. Withdraw 1000$ from Main to Paypal.",
            "entities": [
                {
                    "entity": "action:withdraw",
                    "start": 20,
                    "end": 28,
                    "body": "Withdraw",
                    "entities": []
                },
                {
                    "entity": "wit$amount_of_money:amount_of_money",
                    "start": 29,
                    "end": 34,
                    "body": "1000$",
                    "entities": []
                },
                {
                    "entity": "account:origin",
                    "start": 40,
                    "end": 44,
                    "body": "Main",
                    "entities": []
                },
                {
                    "entity": "account:destination",
                    "start": 48,
                    "end": 54,
                    "body": "Paypal",
                    "entities": []
                },
                {
                    "entity": "deed:deed",
                    "start": 0,
                    "end": 18,
                    "body": "Transfer to Paypal",
                    "entities": []
                }
            ],
            "traits": [
                {
                    "trait": "wit$sentiment",
                    "value": "neutral"
                },
                {
                    "trait": "flow",
                    "value": "withdraw"
                }
            ],
            "intent": "track_money"
        },
        {
            "text": "Transfer \u20b11000 from Main to Digital wallet.",
            "entities": [
                {
                    "entity": "action:transfer",
                    "start": 0,
                    "end": 8,
                    "body": "Transfer",
                    "entities": []
                },
                {
                    "entity": "account:origin",
                    "start": 20,
                    "end": 24,
                    "body": "Main",
                    "entities": []
                },
                {
                    "entity": "account:destination",
                    "start": 28,
                    "end": 42,
                    "body": "Digital wallet",
                    "entities": []
                },
                {
                    "entity": "wit$amount_of_money:amount_of_money",
                    "start": 9,
                    "end": 14,
                    "body": "\u20b11000",
                    "entities": []
                }
            ],
            "traits": [
                {
                    "trait": "wit$sentiment",
                    "value": "neutral"
                },
                {
                    "trait": "flow",
                    "value": "transfer"
                }
            ],
            "intent": "track_money"
        },
        {
            "text": "What is the weather today?",
            "entities": [],
            "traits": []
        },
        {
            "text": "Whatsup",
            "entities": [],
            "traits": []
        },
        {
            "text": "Where do I get a computer?",
            "entities": [],
            "traits": []
        },
        {
            "text": "Withdraw 1 php from Prepaid - ePay to OVH.",
            "entities": [
                {
                    "entity": "action:withdraw",
                    "start": 0,
                    "end": 8,
                    "body": "Withdraw",
                    "entities": []
                },
                {
                    "entity": "account:origin",
                    "start": 20,
                    "end": 34,
                    "body": "Prepaid - ePay",
                    "entities": []
                },
                {
                    "entity": "account:destination",
                    "start": 38,
                    "end": 41,
                    "body": "OVH",
                    "entities": []
                },
                {
                    "entity": "wit$amount_of_money:amount_of_money",
                    "start": 9,
                    "end": 14,
                    "body": "1 php",
                    "entities": []
                }
            ],
            "traits": [
                {
                    "trait": "wit$sentiment",
                    "value": "neutral"
                },
                {
                    "trait": "flow",
                    "value": "withdraw"
                }
            ],
            "intent": "track_money"
        },
        {
            "text": "Withdraw 1000 PHP from Prepaid - ePay to OVH.",
            "entities": [
                {
                    "entity": "action:withdraw",
                    "start": 0,
                    "end": 8,
                    "body": "Withdraw",
                    "entities": []
                },
                {
                    "entity": "account:origin",
                    "start": 23,
                    "end": 37,
                    "body": "Prepaid - ePay",
                    "entities": []
                },
                {
                    "entity": "account:destination",
                    "start": 41,
                    "end": 44,
                    "body": "OVH",
                    "entities": []
                },
                {
                    "entity": "wit$amount_of_money:amount_of_money",
                    "start": 9,
                    "end": 17,
                    "body": "1000 PHP",
                    "entities": []
                }
            ],
            "traits": [
                {
                    "trait": "wit$sentiment",
                    "value": "neutral"
                },
                {
                    "trait": "flow",
                    "value": "withdraw"
                }
            ],
            "intent": "track_money"
        },
        {
            "text": "Withdraw 1000 from Main to Shopee.",
            "entities": [
                {
                    "entity": "action:withdraw",
                    "start": 0,
                    "end": 8,
                    "body": "Withdraw",
                    "entities": []
                },
                {
                    "entity": "account:origin",
                    "start": 19,
                    "end": 23,
                    "body": "Main",
                    "entities": []
                },
                {
                    "entity": "account:destination",
                    "start": 27,
                    "end": 33,
                    "body": "Shopee",
                    "entities": []
                },
                {
                    "entity": "wit$amount_of_money:amount_of_money",
                    "start": 9,
                    "end": 13,
                    "body": "1000",
                    "entities": []
                }
            ],
            "traits": [
                {
                    "trait": "wit$sentiment",
                    "value": "neutral"
                },
                {
                    "trait": "flow",
                    "value": "withdraw"
                }
            ],
            "intent": "track_money"
        },
        {
            "text": "Withdraw 1000 pesos from Prepaid - ePay to OVH.",
            "entities": [
                {
                    "entity": "action:withdraw",
                    "start": 0,
                    "end": 8,
                    "body": "Withdraw",
                    "entities": []
                },
                {
                    "entity": "account:origin",
                    "start": 25,
                    "end": 39,
                    "body": "Prepaid - ePay",
                    "entities": []
                },
                {
                    "entity": "account:destination",
                    "start": 43,
                    "end": 46,
                    "body": "OVH",
                    "entities": []
                },
                {
                    "entity": "wit$amount_of_money:amount_of_money",
                    "start": 9,
                    "end": 19,
                    "body": "1000 pesos",
                    "entities": []
                }
            ],
            "traits": [
                {
                    "trait": "wit$sentiment",
                    "value": "neutral"
                },
                {
                    "trait": "flow",
                    "value": "withdraw"
                }
            ],
            "intent": "track_money"
        },
        {
            "text": "Withdraw 1000 php from Prepaid - ePay to OVH.",
            "entities": [
                {
                    "entity": "action:withdraw",
                    "start": 0,
                    "end": 8,
                    "body": "Withdraw",
                    "entities": []
                },
                {
                    "entity": "account:origin",
                    "start": 23,
                    "end": 37,
                    "body": "Prepaid - ePay",
                    "entities": []
                },
                {
                    "entity": "account:destination",
                    "start": 41,
                    "end": 44,
                    "body": "OVH",
                    "entities": []
                },
                {
                    "entity": "wit$amount_of_money:amount_of_money",
                    "start": 9,
                    "end": 17,
                    "body": "1000 php",
                    "entities": []
                }
            ],
            "traits": [
                {
                    "trait": "wit$sentiment",
                    "value": "neutral"
                },
                {
                    "trait": "flow",
                    "value": "withdraw"
                }
            ],
            "intent": "track_money"
        },
        {
            "text": "Withdraw 1000$ from Main to Meralco",
            "entities": [
                {
                    "entity": "action:withdraw",
                    "start": 0,
                    "end": 8,
                    "body": "Withdraw",
                    "entities": []
                },
                {
                    "entity": "wit$amount_of_money:amount_of_money",
                    "start": 9,
                    "end": 14,
                    "body": "1000$",
                    "entities": []
                },
                {
                    "entity": "account:origin",
                    "start": 20,
                    "end": 24,
                    "body": "Main",
                    "entities": []
                },
                {
                    "entity": "account:destination",
                    "start": 28,
                    "end": 35,
                    "body": "Meralco",
                    "entities": []
                }
            ],
            "traits": [
                {
                    "trait": "flow",
                    "value": "withdraw"
                },
                {
                    "trait": "wit$sentiment",
                    "value": "neutral"
                }
            ],
            "intent": "track_money"
        },
        {
            "text": "Withdraw 1000$ from Main to Meralco.",
            "entities": [
                {
                    "entity": "action:withdraw",
                    "start": 0,
                    "end": 8,
                    "body": "Withdraw",
                    "entities": []
                },
                {
                    "entity": "wit$amount_of_money:amount_of_money",
                    "start": 9,
                    "end": 14,
                    "body": "1000$",
                    "entities": []
                },
                {
                    "entity": "account:origin",
                    "start": 20,
                    "end": 24,
                    "body": "Main",
                    "entities": []
                },
                {
                    "entity": "account:destination",
                    "start": 28,
                    "end": 35,
                    "body": "Meralco",
                    "entities": []
                }
            ],
            "traits": [
                {
                    "trait": "flow",
                    "value": "withdraw"
                },
                {
                    "trait": "wit$sentiment",
                    "value": "neutral"
                }
            ],
            "intent": "track_money"
        },
        {
            "text": "Withdraw 10000 php from Main to Cash wallet.",
            "entities": [
                {
                    "entity": "action:withdraw",
                    "start": 0,
                    "end": 8,
                    "body": "Withdraw",
                    "entities": []
                },
                {
                    "entity": "account:origin",
                    "start": 24,
                    "end": 28,
                    "body": "Main",
                    "entities": []
                },
                {
                    "entity": "account:destination",
                    "start": 32,
                    "end": 43,
                    "body": "Cash wallet",
                    "entities": []
                },
                {
                    "entity": "wit$amount_of_money:amount_of_money",
                    "start": 9,
                    "end": 18,
                    "body": "10000 php",
                    "entities": []
                }
            ],
            "traits": [
                {
                    "trait": "wit$sentiment",
                    "value": "neutral"
                },
                {
                    "trait": "flow",
                    "value": "withdraw"
                }
            ],
            "intent": "track_money"
        },
        {
            "text": "Withdraw 1000\u20b1 from Main to Digital wallet.",
            "entities": [
                {
                    "entity": "action:withdraw",
                    "start": 0,
                    "end": 8,
                    "body": "Withdraw",
                    "entities": []
                },
                {
                    "entity": "account:origin",
                    "start": 20,
                    "end": 24,
                    "body": "Main",
                    "entities": []
                },
                {
                    "entity": "account:destination",
                    "start": 28,
                    "end": 42,
                    "body": "Digital wallet",
                    "entities": []
                },
                {
                    "entity": "wit$amount_of_money:amount_of_money",
                    "start": 9,
                    "end": 14,
                    "body": "1000\u20b1",
                    "entities": []
                }
            ],
            "traits": [
                {
                    "trait": "wit$sentiment",
                    "value": "neutral"
                },
                {
                    "trait": "flow",
                    "value": "withdraw"
                }
            ],
            "intent": "track_money"
        },
        {
            "text": "Withdraw 2000$ from Prepaid ePay to Grocery",
            "entities": [
                {
                    "entity": "action:withdraw",
                    "start": 0,
                    "end": 8,
                    "body": "Withdraw",
                    "entities": []
                },
                {
                    "entity": "wit$amount_of_money:amount_of_money",
                    "start": 9,
                    "end": 14,
                    "body": "2000$",
                    "entities": []
                },
                {
                    "entity": "account:origin",
                    "start": 20,
                    "end": 32,
                    "body": "Prepaid ePay",
                    "entities": []
                },
                {
                    "entity": "account:destination",
                    "start": 36,
                    "end": 43,
                    "body": "Grocery",
                    "entities": []
                }
            ],
            "traits": [
                {
                    "trait": "flow",
                    "value": "withdraw"
                }
            ],
            "intent": "track_money"
        },
        {
            "text": "Withdraw 2000$ from Prepaid ePay to Grocery.",
            "entities": [
                {
                    "entity": "action:withdraw",
                    "start": 0,
                    "end": 8,
                    "body": "Withdraw",
                    "entities": []
                },
                {
                    "entity": "wit$amount_of_money:amount_of_money",
                    "start": 9,
                    "end": 14,
                    "body": "2000$",
                    "entities": []
                },
                {
                    "entity": "account:origin",
                    "start": 20,
                    "end": 32,
                    "body": "Prepaid ePay",
                    "entities": []
                },
                {
                    "entity": "account:destination",
                    "start": 36,
                    "end": 43,
                    "body": "Grocery",
                    "entities": []
                }
            ],
            "traits": [
                {
                    "trait": "flow",
                    "value": "withdraw"
                },
                {
                    "trait": "wit$sentiment",
                    "value": "neutral"
                }
            ],
            "intent": "track_money"
        },
        {
            "text": "Withdraw 5 php from Prepaid - ePay to OVH.",
            "entities": [
                {
                    "entity": "action:withdraw",
                    "start": 0,
                    "end": 8,
                    "body": "Withdraw",
                    "entities": []
                },
                {
                    "entity": "account:origin",
                    "start": 20,
                    "end": 34,
                    "body": "Prepaid - ePay",
                    "entities": []
                },
                {
                    "entity": "account:destination",
                    "start": 38,
                    "end": 41,
                    "body": "OVH",
                    "entities": []
                },
                {
                    "entity": "wit$amount_of_money:amount_of_money",
                    "start": 9,
                    "end": 14,
                    "body": "5 php",
                    "entities": []
                }
            ],
            "traits": [
                {
                    "trait": "wit$sentiment",
                    "value": "neutral"
                },
                {
                    "trait": "flow",
                    "value": "withdraw"
                }
            ],
            "intent": "track_money"
        },
        {
            "text": "Withdraw 5 usd from Prepaid - ePay to OVH.",
            "entities": [
                {
                    "entity": "action:withdraw",
                    "start": 0,
                    "end": 8,
                    "body": "Withdraw",
                    "entities": []
                },
                {
                    "entity": "wit$amount_of_money:amount_of_money",
                    "start": 9,
                    "end": 14,
                    "body": "5 usd",
                    "entities": []
                },
                {
                    "entity": "account:origin",
                    "start": 20,
                    "end": 34,
                    "body": "Prepaid - ePay",
                    "entities": []
                },
                {
                    "entity": "account:destination",
                    "start": 38,
                    "end": 41,
                    "body": "OVH",
                    "entities": []
                }
            ],
            "traits": [
                {
                    "trait": "wit$sentiment",
                    "value": "neutral"
                },
                {
                    "trait": "flow",
                    "value": "withdraw"
                }
            ],
            "intent": "track_money"
        },
        {
            "text": "Withdraw 83000 php from Starshot to Main.",
            "entities": [
                {
                    "entity": "action:withdraw",
                    "start": 0,
                    "end": 8,
                    "body": "Withdraw",
                    "entities": []
                },
                {
                    "entity": "account:origin",
                    "start": 24,
                    "end": 32,
                    "body": "Starshot",
                    "entities": []
                },
                {
                    "entity": "account:destination",
                    "start": 36,
                    "end": 40,
                    "body": "Main",
                    "entities": []
                },
                {
                    "entity": "wit$amount_of_money:amount_of_money",
                    "start": 9,
                    "end": 18,
                    "body": "83000 php",
                    "entities": []
                }
            ],
            "traits": [
                {
                    "trait": "wit$sentiment",
                    "value": "neutral"
                },
                {
                    "trait": "flow",
                    "value": "withdraw"
                }
            ],
            "intent": "track_money"
        },
        {
            "text": "Withdraw from ATM. Deposit 1000 usd from Main to Cash wallet.",
            "entities": [
                {
                    "entity": "deed:deed",
                    "start": 0,
                    "end": 17,
                    "body": "Withdraw from ATM",
                    "entities": []
                },
                {
                    "entity": "action:deposit",
                    "start": 19,
                    "end": 26,
                    "body": "Deposit",
                    "entities": []
                },
                {
                    "entity": "wit$amount_of_money:amount_of_money",
                    "start": 27,
                    "end": 35,
                    "body": "1000 usd",
                    "entities": []
                },
                {
                    "entity": "account:origin",
                    "start": 41,
                    "end": 45,
                    "body": "Main",
                    "entities": []
                },
                {
                    "entity": "account:destination",
                    "start": 49,
                    "end": 60,
                    "body": "Cash wallet",
                    "entities": []
                }
            ],
            "traits": [
                {
                    "trait": "wit$sentiment",
                    "value": "neutral"
                },
                {
                    "trait": "flow",
                    "value": "deposit"
                }
            ],
            "intent": "track_money"
        },
        {
            "text": "Withdraw from ATM. Transfer 1000 usd from Main to Cash wallet.",
            "entities": [
                {
                    "entity": "deed:deed",
                    "start": 0,
                    "end": 17,
                    "body": "Withdraw from ATM",
                    "entities": []
                },
                {
                    "entity": "action:transfer",
                    "start": 19,
                    "end": 27,
                    "body": "Transfer",
                    "entities": []
                },
                {
                    "entity": "wit$amount_of_money:amount_of_money",
                    "start": 28,
                    "end": 36,
                    "body": "1000 usd",
                    "entities": []
                },
                {
                    "entity": "account:origin",
                    "start": 42,
                    "end": 46,
                    "body": "Main",
                    "entities": []
                },
                {
                    "entity": "account:destination",
                    "start": 50,
                    "end": 61,
                    "body": "Cash wallet",
                    "entities": []
                }
            ],
            "traits": [
                {
                    "trait": "wit$sentiment",
                    "value": "neutral"
                },
                {
                    "trait": "flow",
                    "value": "transfer"
                }
            ],
            "intent": "track_money"
        },
        {
            "text": "Withdraw from ATM. Withdraw 1000 usd from Main to Cash wallet.",
            "entities": [
                {
                    "entity": "deed:deed",
                    "start": 0,
                    "end": 17,
                    "body": "Withdraw from ATM",
                    "entities": []
                },
                {
                    "entity": "action:withdraw",
                    "start": 19,
                    "end": 27,
                    "body": "Withdraw",
                    "entities": []
                },
                {
                    "entity": "wit$amount_of_money:amount_of_money",
                    "start": 28,
                    "end": 36,
                    "body": "1000 usd",
                    "entities": []
                },
                {
                    "entity": "account:origin",
                    "start": 42,
                    "end": 46,
                    "body": "Main",
                    "entities": []
                },
                {
                    "entity": "account:destination",
                    "start": 50,
                    "end": 61,
                    "body": "Cash wallet",
                    "entities": []
                }
            ],
            "traits": [
                {
                    "trait": "wit$sentiment",
                    "value": "neutral"
                },
                {
                    "trait": "flow",
                    "value": "withdraw"
                }
            ],
            "intent": "track_money"
        }
    ]
}
